clip_id,file,license,source,notes
footstep.wood_walk_01,wood_walk_01.mp3,AGPL-3.0-or-later (project author),in-house ffmpeg slice of walk_wood.mp3 (R-1382),"R-1382 single-step one-shot cut from walk_wood.mp3 at 0.420 s, 240 ms, mono, RMS-matched to -18 dBFS under a -6 dBFS peak ceiling; the source is a continuous walk cycle and must never be played as a one-shot itself"
footstep.wood_walk_02,wood_walk_02.mp3,AGPL-3.0-or-later (project author),in-house ffmpeg slice of walk_wood.mp3 (R-1382),"R-1382 single-step one-shot cut from walk_wood.mp3 at 1.100 s, 220 ms, mono, RMS-matched to -18 dBFS under a -6 dBFS peak ceiling; the source is a continuous walk cycle and must never be played as a one-shot itself"
footstep.wood_walk_03,wood_walk_03.mp3,AGPL-3.0-or-later (project author),in-house ffmpeg slice of walk_wood.mp3 (R-1382),"R-1382 single-step one-shot cut from walk_wood.mp3 at 1.835 s, 240 ms, mono, RMS-matched to -18 dBFS under a -6 dBFS peak ceiling; the source is a continuous walk cycle and must never be played as a one-shot itself"
footstep.wood_walk_04,wood_walk_04.mp3,AGPL-3.0-or-later (project author),in-house ffmpeg slice of walk_wood.mp3 (R-1382),"R-1382 single-step one-shot cut from walk_wood.mp3 at 2.555 s, 240 ms, mono, RMS-matched to -18 dBFS under a -6 dBFS peak ceiling; the source is a continuous walk cycle and must never be played as a one-shot itself"
footstep.wood_walk_05,wood_walk_05.mp3,AGPL-3.0-or-later (project author),in-house ffmpeg slice of walk_wood.mp3 (R-1382),"R-1382 single-step one-shot cut from walk_wood.mp3 at 3.375 s, 260 ms, mono, RMS-matched to -18 dBFS under a -6 dBFS peak ceiling; the source is a continuous walk cycle and must never be played as a one-shot itself"
footstep.mud_walk_01,mud_walk_01.mp3,AGPL-3.0-or-later (project author),in-house ffmpeg slice of walking_on_mud_stable_audio_3.mp3 (R-1382),"R-1382 single-step one-shot cut from walking_on_mud_stable_audio_3.mp3 at 1.745 s, 175 ms, mono, RMS-matched to -18 dBFS under a -6 dBFS peak ceiling; the source is a continuous walk cycle and must never be played as a one-shot itself"
footstep.mud_walk_02,mud_walk_02.mp3,AGPL-3.0-or-later (project author),in-house ffmpeg slice of walking_on_mud_stable_audio_3.mp3 (R-1382),"R-1382 single-step one-shot cut from walking_on_mud_stable_audio_3.mp3 at 2.565 s, 175 ms, mono, RMS-matched to -18 dBFS under a -6 dBFS peak ceiling; the source is a continuous walk cycle and must never be played as a one-shot itself"
footstep.mud_walk_03,mud_walk_03.mp3,AGPL-3.0-or-later (project author),in-house ffmpeg slice of walking_on_mud_stable_audio_3.mp3 (R-1382),"R-1382 single-step one-shot cut from walking_on_mud_stable_audio_3.mp3 at 4.800 s, 145 ms, mono, RMS-matched to -18 dBFS under a -6 dBFS peak ceiling; the source is a continuous walk cycle and must never be played as a one-shot itself"
footstep.mud_walk_04,mud_walk_04.mp3,AGPL-3.0-or-later (project author),in-house ffmpeg slice of walking_on_mud_stable_audio_3.mp3 (R-1382),"R-1382 single-step one-shot cut from walking_on_mud_stable_audio_3.mp3 at 7.230 s, 115 ms, mono, RMS-matched to -18 dBFS under a -6 dBFS peak ceiling; the source is a continuous walk cycle and must never be played as a one-shot itself"
