insect_id,scientific,elu_id,recordist,license,source,length,country,common_en,file
acheta_domestica,Acheta domestica,19409150,Mari Druzhinina,https://creativecommons.org/licenses/by-sa/4.0/,https://s3.hpc.ut.ee/plutof-public/original/1dc006fc-0abd-469c-bdf4-8a19adc90bab.m4a,17,Estonia,,sounds/insects/acheta_domestica/acheta_domestica.mp3
acrididae,Acrididae,37025089,Katre Epler,https://creativecommons.org/licenses/by-sa/4.0/,https://s3.hpc.ut.ee/plutof-public/original/f4f89a72-754a-40ef-8511-213e861b32d6.m4a,15,Estonia,,sounds/insects/acrididae/acrididae.mp3
barbitistes_constrictus,Barbitistes constrictus,17582721,Veljo Runnel,https://creativecommons.org/licenses/by-sa/4.0/,https://s3.hpc.ut.ee/plutof-public/original/8e34245c-6a6c-474d-a96b-ebc149ffd802.m4a,40,Estonia,,sounds/insects/barbitistes_constrictus/barbitistes_constrictus.mp3
bicolorana_bicolor,Bicolorana bicolor,17577717,Veljo Runnel,https://creativecommons.org/licenses/by-sa/4.0/,https://s3.hpc.ut.ee/plutof-public/original/974b44b1-a773-4dba-afb5-56a701270bd8.m4a,14,Estonia,,sounds/insects/bicolorana_bicolor/bicolorana_bicolor.mp3
chorthippus_albomarginatus,Chorthippus albomarginatus,19358611,Mari Druzhinina,https://creativecommons.org/licenses/by-sa/4.0/,https://s3.hpc.ut.ee/plutof-public/original/62473336-b8c0-4030-8e88-cdcc99b39cac.m4a,12,Estonia,,sounds/insects/chorthippus_albomarginatus/chorthippus_albomarginatus.mp3
chorthippus_apricarius,Chorthippus apricarius,17127601,Veljo Runnel,https://creativecommons.org/licenses/by-sa/4.0/,https://s3.hpc.ut.ee/plutof-public/original/609bf943-9fb8-4086-bcf9-78be6e0baa61.m4a,14,Estonia,,sounds/insects/chorthippus_apricarius/chorthippus_apricarius.mp3
chorthippus_biguttulus,Chorthippus biguttulus,18536903,Veljo Runnel,https://creativecommons.org/licenses/by-sa/4.0/,https://s3.hpc.ut.ee/plutof-public/original/604bb747-9a0c-4ef8-8fa9-e767d6fb182c.m4a,31,Estonia,,sounds/insects/chorthippus_biguttulus/chorthippus_biguttulus.mp3
chorthippus_brunneus,Chorthippus brunneus,17148472,Veljo Runnel,https://creativecommons.org/licenses/by-sa/4.0/,https://s3.hpc.ut.ee/plutof-public/original/b7d02285-8066-4793-b683-ef23a7a37b45.m4a,35,Estonia,,sounds/insects/chorthippus_brunneus/chorthippus_brunneus.mp3
chorthippus_dorsatus,Chorthippus dorsatus,17577664,Veljo Runnel,https://creativecommons.org/licenses/by-sa/4.0/,https://s3.hpc.ut.ee/plutof-public/original/b9b07296-fdd5-4b9e-af85-e8ca52a891bd.m4a,21,Estonia,,sounds/insects/chorthippus_dorsatus/chorthippus_dorsatus.mp3
chorthippus_mollis,Chorthippus mollis,30502205,Pelle Mellov,https://creativecommons.org/licenses/by-sa/4.0/,https://s3.hpc.ut.ee/plutof-public/original/ee1bcaa7-a4d9-429b-9e06-0512b15f3eb6.m4a,8,Estonia,,sounds/insects/chorthippus_mollis/chorthippus_mollis.mp3
chrysochraon_dispar,Chrysochraon dispar,17144793,Veljo Runnel,https://creativecommons.org/licenses/by-sa/4.0/,https://s3.hpc.ut.ee/plutof-public/original/a441cd34-e94a-40c8-a5b0-da8415031403.m4a,50,Estonia,,sounds/insects/chrysochraon_dispar/chrysochraon_dispar.mp3
conocephalus_dorsalis,Conocephalus dorsalis,17562655,Veljo Runnel,https://creativecommons.org/licenses/by-sa/4.0/,https://s3.hpc.ut.ee/plutof-public/original/54044018-acc7-4e27-8796-4aa73eb2e2cf.m4a,30,Estonia,Short-winged Cone-head,sounds/insects/conocephalus_dorsalis/conocephalus_dorsalis.mp3
conocephalus_fuscus,Conocephalus fuscus,30502227,Pelle Mellov,https://creativecommons.org/licenses/by-sa/4.0/,https://s3.hpc.ut.ee/plutof-public/original/6a0da221-11cd-46cd-bc42-48e14fb664a4.m4a,49,Estonia,,sounds/insects/conocephalus_fuscus/conocephalus_fuscus.mp3
decticus_verrucivorus,Decticus verrucivorus,18493618,Veljo Runnel,https://creativecommons.org/licenses/by-sa/4.0/,https://s3.hpc.ut.ee/plutof-public/original/c2669902-cc71-4f3e-9ce9-0acc5d7047c7.m4a,20,Estonia,,sounds/insects/decticus_verrucivorus/decticus_verrucivorus.mp3
euthystira_brachyptera,Euthystira brachyptera,16343697,Veljo Runnel,https://creativecommons.org/licenses/by-sa/4.0/,https://s3.hpc.ut.ee/plutof-public/original/b2756068-692e-4683-bd52-850285c777aa.m4a,13,Estonia,,sounds/insects/euthystira_brachyptera/euthystira_brachyptera.mp3
gryllotalpa_gryllotalpa,Gryllotalpa gryllotalpa,19406254,Marko Aid,https://creativecommons.org/licenses/by-sa/4.0/,https://s3.hpc.ut.ee/plutof-public/original/6ce006e0-944e-4e04-9f42-0fa724c9bb3a.m4a,48,Estonia,,sounds/insects/gryllotalpa_gryllotalpa/gryllotalpa_gryllotalpa.mp3
metrioptera_brachyptera,Metrioptera brachyptera,19105577,Alvar Jõekaar,https://creativecommons.org/licenses/by-sa/4.0/,https://s3.hpc.ut.ee/plutof-public/original/ba317065-ff50-4452-b239-74aef63af978.m4a,48,Estonia,Bog Bush-cricket,sounds/insects/metrioptera_brachyptera/metrioptera_brachyptera.mp3
myrmeleotettix_maculatus,Myrmeleotettix maculatus,17574816,Veljo Runnel,https://creativecommons.org/licenses/by-sa/4.0/,https://s3.hpc.ut.ee/plutof-public/original/99ea6dbb-a01a-4b7f-853b-da7d9374d843.m4a,12,Estonia,,sounds/insects/myrmeleotettix_maculatus/myrmeleotettix_maculatus.mp3
omocestus_viridulus,Omocestus viridulus,20834618,Maarja Orusalu,https://creativecommons.org/licenses/by-sa/4.0/,https://s3.hpc.ut.ee/plutof-public/original/9a4ddf4e-34fd-4611-b9c6-e27b3dd705a4.m4a,35,Estonia,,sounds/insects/omocestus_viridulus/omocestus_viridulus.mp3
orthoptera,Orthoptera,17516165,Külli Kalamees,https://creativecommons.org/licenses/by-sa/4.0/,https://s3.hpc.ut.ee/plutof-public/original/0900d7c5-f66b-49e0-8112-e225794c7253.m4a,61,Estonia,,sounds/insects/orthoptera/orthoptera.mp3
pholidoptera_griseoaptera,Pholidoptera griseoaptera,16343736,Veljo Runnel,https://creativecommons.org/licenses/by-sa/4.0/,https://s3.hpc.ut.ee/plutof-public/original/da9a3a44-ad92-457b-9eca-34d98e120da4.mp4,71,Estonia,Dark Bush-cricket,sounds/insects/pholidoptera_griseoaptera/pholidoptera_griseoaptera.mp3
pseudochorthippus_montanus,Pseudochorthippus montanus,16343670,Veljo Runnel,https://creativecommons.org/licenses/by-sa/4.0/,https://s3.hpc.ut.ee/plutof-public/original/a8df289a-63cd-481c-9954-2724a5c8ae5a.m4a,14,Estonia,,sounds/insects/pseudochorthippus_montanus/pseudochorthippus_montanus.mp3
pseudochorthippus_parallelus,Pseudochorthippus parallelus,16540198,Maarja Mustimets,https://creativecommons.org/licenses/by-sa/4.0/,https://s3.hpc.ut.ee/plutof-public/original/775601f6-12e8-41ef-99ea-51a654af1dfd.m4a,47,Estonia,,sounds/insects/pseudochorthippus_parallelus/pseudochorthippus_parallelus.mp3
roeseliana_roeselii,Roeseliana roeselii,16601971,Veljo Runnel,https://creativecommons.org/licenses/by-sa/4.0/,https://s3.hpc.ut.ee/plutof-public/original/d534e683-a8a8-4bdb-b9b8-86202a9def56.m4a,20,Estonia,Roesel's Bush Cricket,sounds/insects/roeseliana_roeselii/roeseliana_roeselii.mp3
stenobothrus_lineatus,Stenobothrus lineatus,43645681,Pelle Mellov,https://creativecommons.org/licenses/by-sa/4.0/,https://s3.hpc.ut.ee/plutof-public/original/1d2da8de-1079-4a89-867b-e239454cd135.m4a,19,Estonia,,sounds/insects/stenobothrus_lineatus/stenobothrus_lineatus.mp3
tettigonia_cantans,Tettigonia cantans,16343661,Külli Kalamees,https://creativecommons.org/licenses/by-sa/4.0/,https://s3.hpc.ut.ee/plutof-public/original/a047505f-3b67-4405-855b-bcbf5eb5ec03.m4a,61,Estonia,,sounds/insects/tettigonia_cantans/tettigonia_cantans.mp3
tettigonia_viridissima,Tettigonia viridissima,18493652,Veljo Runnel,https://creativecommons.org/licenses/by-sa/4.0/,https://s3.hpc.ut.ee/plutof-public/original/aa7f711a-2755-4af8-b16d-e71664a4baf4.m4a,25,Estonia,Great Green Bush-cricket,sounds/insects/tettigonia_viridissima/tettigonia_viridissima.mp3
